col,n,frac_ge_0.25,frac_ge_0.5,frac_ge_0.9,frac_ge_1.0
fixed_layer_resid_recovery,193,0.9792746113989638,0.9792746113989638,0.9792746113989638,0.9792746113989638
fixed_head_recovery,193,0.7046632124352331,0.09844559585492228,0.06217616580310881,0.05181347150259067
fixed_neuron_recovery,193,0.9792746113989638,0.9792746113989638,0.9792746113989638,0.9637305699481865
